{
  "method": "XGBoost + SHAP",
  "cv_accuracy": 0.7849056603773585,
  "cv_std": 0.03648882944493153,
  "global_shap_importance": {
    "destructionScore": 0.5135490894317627,
    "lossesScore": 0.5197179913520813,
    "damageDealt": 0.3907472491264343,
    "damageReceived": 0.1956498771905899,
    "objectivesCaptured": 0.33994191884994507,
    "supplyCaptured": 0.08403299748897552,
    "totalSpawned": 0.43010213971138,
    "totalRefunded": 0.17993000149726868,
    "supplyConsumed": 0.17808176577091217,
    "supplyFromAllies": 0.18168646097183228,
    "supplyToAllies": 0.43373197317123413,
    "buildingsDestroyed": 0.16440939903259277,
    "uniqueUnits": 0.4346295893192291,
    "dlRatio": 0.26547718048095703,
    "netInvestment": 0.21726761758327484,
    "costEfficiency": 0.4645317494869232,
    "damageTrade": 0.22063685953617096,
    "survivalRate": 0.9019537568092346,
    "refundRate": 0.07788553088903427,
    "teamDmgShare": 0.34824883937835693,
    "teamDestShare": 0.7278297543525696,
    "teamLossShare": 1.1689456701278687,
    "teamSpawnShare": 0.213022843003273
  },
  "global_shap_direction": {
    "destructionScore": -0.007342048455029726,
    "lossesScore": -0.017282871529459953,
    "damageDealt": -0.010672139003872871,
    "damageReceived": -0.024411750957369804,
    "objectivesCaptured": -0.009536731988191605,
    "supplyCaptured": 0.0024985598865896463,
    "totalSpawned": 0.021487874910235405,
    "totalRefunded": -0.01513409148901701,
    "supplyConsumed": -0.00767486309632659,
    "supplyFromAllies": 0.013380631804466248,
    "supplyToAllies": -0.032562319189310074,
    "buildingsDestroyed": 0.014531223103404045,
    "uniqueUnits": 0.02589445374906063,
    "dlRatio": -0.04368789121508598,
    "netInvestment": -0.0008062856504693627,
    "costEfficiency": 0.030361628159880638,
    "damageTrade": -0.013018161058425903,
    "survivalRate": -0.026839500293135643,
    "refundRate": 0.0015511957462877035,
    "teamDmgShare": 0.04519728571176529,
    "teamDestShare": -0.017178945243358612,
    "teamLossShare": 0.015336127020418644,
    "teamSpawnShare": -0.005339894909411669
  },
  "category_weights": {
    "经济管理": 0.12520408630371094,
    "战斗效率": 0.21412359178066254,
    "火力输出": 0.1271318644285202,
    "战场贡献": 0.34417030215263367,
    "战略目标": 0.0680055022239685,
    "团队协作": 0.12136461585760117
  },
  "win_vs_lose_shap": {
    "survivalRate": {
      "win": 0.5495327711105347,
      "lose": -0.6032115817070007,
      "diff": 1.1527442932128906
    },
    "destructionScore": {
      "win": 0.2685193121433258,
      "lose": -0.2832034230232239,
      "diff": 0.5517227649688721
    },
    "lossesScore": {
      "win": 0.25724169611930847,
      "lose": -0.29180723428726196,
      "diff": 0.549048900604248
    },
    "teamLossShare": {
      "win": 0.27074041962623596,
      "lose": -0.24006807804107666,
      "diff": 0.5108084678649902
    },
    "costEfficiency": {
      "win": 0.24343155324459076,
      "lose": -0.1827082484960556,
      "diff": 0.42613980174064636
    },
    "teamDestShare": {
      "win": 0.17758293449878693,
      "lose": -0.2119409441947937,
      "diff": 0.38952386379241943
    },
    "dlRatio": {
      "win": 0.11320196837186813,
      "lose": -0.2005777806043625,
      "diff": 0.31377974152565
    },
    "damageDealt": {
      "win": 0.1387842446565628,
      "lose": -0.16012848913669586,
      "diff": 0.29891273379325867
    },
    "uniqueUnits": {
      "win": 0.17217381298542023,
      "lose": -0.12038487195968628,
      "diff": 0.2925586700439453
    },
    "supplyToAllies": {
      "win": 0.10496611893177032,
      "lose": -0.17009061574935913,
      "diff": 0.27505671977996826
    },
    "objectivesCaptured": {
      "win": 0.12661117315292358,
      "lose": -0.1456845998764038,
      "diff": 0.2722957730293274
    },
    "totalSpawned": {
      "win": 0.12811343371868134,
      "lose": -0.08513768762350082,
      "diff": 0.21325111389160156
    },
    "damageTrade": {
      "win": 0.0913851261138916,
      "lose": -0.11742142587900162,
      "diff": 0.20880654454231262
    },
    "netInvestment": {
      "win": 0.08655254542827606,
      "lose": -0.08816512674093246,
      "diff": 0.17471766471862793
    },
    "teamDmgShare": {
      "win": 0.13041460514068604,
      "lose": -0.04001998528838158,
      "diff": 0.1704345941543579
    },
    "damageReceived": {
      "win": 0.05508306995034218,
      "lose": -0.10390657186508179,
      "diff": 0.15898963809013367
    },
    "supplyConsumed": {
      "win": 0.07096812129020691,
      "lose": -0.08631783723831177,
      "diff": 0.15728595852851868
    },
    "supplyFromAllies": {
      "win": 0.07503347843885422,
      "lose": -0.04827223718166351,
      "diff": 0.12330571562051773
    },
    "totalRefunded": {
      "win": 0.042925212532281876,
      "lose": -0.07319340109825134,
      "diff": 0.11611860990524292
    },
    "teamSpawnShare": {
      "win": 0.04929599538445473,
      "lose": -0.05997578054666519,
      "diff": 0.10927177965641022
    },
    "buildingsDestroyed": {
      "win": 0.06762606650590897,
      "lose": -0.03856361657381058,
      "diff": 0.10618968307971954
    },
    "supplyCaptured": {
      "win": 0.03835161775350571,
      "lose": -0.033354490995407104,
      "diff": 0.07170610874891281
    },
    "refundRate": {
      "win": 0.03241091966629028,
      "lose": -0.029308538883924484,
      "diff": 0.06171945855021477
    }
  },
  "sample_count": 530,
  "match_count": 54
}