{
  "method": "XGBoost + SHAP",
  "cv_accuracy": 0.7660377358490565,
  "cv_std": 0.04637058765073403,
  "global_shap_importance": {
    "destructionScore": 0.5071924328804016,
    "lossesScore": 0.4585683345794678,
    "damageDealt": 0.19047211110591888,
    "damageReceived": 0.15218901634216309,
    "objectivesCaptured": 0.35522788763046265,
    "supplyCaptured": 0.07458001375198364,
    "totalSpawned": 0.3610275983810425,
    "totalRefunded": 0.15467745065689087,
    "supplyConsumed": 0.16054481267929077,
    "supplyFromAllies": 0.21818864345550537,
    "supplyToAllies": 0.41653215885162354,
    "buildingsDestroyed": 0.16223205626010895,
    "uniqueUnits": 0.48391032218933105,
    "dlRatio": 0.25729161500930786,
    "netInvestment": 0.22197023034095764,
    "costEfficiency": 0.368446946144104,
    "damageTrade": 0.07322196662425995,
    "survivalRate": 0.9265965223312378,
    "refundRate": 0.06065855920314789,
    "teamDmgShare": 0.3542490005493164,
    "teamDestShare": 0.5496687889099121,
    "teamLossShare": 1.0174434185028076,
    "teamSpawnShare": 0.20742930471897125,
    "tankEfficiency": 0.4311297833919525,
    "firepowerROI": 0.26307618618011475,
    "combatPresence": 0.29378968477249146,
    "lossEfficiency": 0.07337983697652817
  },
  "global_shap_direction": {
    "destructionScore": -0.030042514204978943,
    "lossesScore": -0.0053562261164188385,
    "damageDealt": -0.011855949647724628,
    "damageReceived": -0.023850593715906143,
    "objectivesCaptured": -0.01763136312365532,
    "supplyCaptured": 0.006778395734727383,
    "totalSpawned": 0.023447394371032715,
    "totalRefunded": -0.017300080507993698,
    "supplyConsumed": 0.0027435997035354376,
    "supplyFromAllies": 0.012170755304396152,
    "supplyToAllies": -0.007474080193787813,
    "buildingsDestroyed": 0.015617034398019314,
    "uniqueUnits": 0.012193692848086357,
    "dlRatio": -0.03541608899831772,
    "netInvestment": 0.028085868805646896,
    "costEfficiency": -0.03164639696478844,
    "damageTrade": -0.008159101940691471,
    "survivalRate": -0.028167832642793655,
    "refundRate": 7.158281368901953e-05,
    "teamDmgShare": 0.03900430351495743,
    "teamDestShare": 0.00971122458577156,
    "teamLossShare": -0.009294737130403519,
    "teamSpawnShare": 0.0026157088577747345,
    "tankEfficiency": -0.01094579417258501,
    "firepowerROI": -0.014865759760141373,
    "combatPresence": 0.05326664075255394,
    "lossEfficiency": 0.003998985979706049
  },
  "category_weights": {
    "经济管理": 0.10904162377119064,
    "战斗效率": 0.24222658574581146,
    "火力输出": 0.15996910631656647,
    "战场贡献": 0.2942288815975189,
    "战略目标": 0.06732551008462906,
    "团队协作": 0.12720832228660583
  },
  "win_vs_lose_shap": {
    "survivalRate": {
      "win": 0.5591959953308105,
      "lose": -0.6155319213867188,
      "diff": 1.1747279167175293
    },
    "destructionScore": {
      "win": 0.2297583818435669,
      "lose": -0.28984329104423523,
      "diff": 0.5196017026901245
    },
    "lossesScore": {
      "win": 0.2390759438276291,
      "lose": -0.24978838860988617,
      "diff": 0.48886433243751526
    },
    "teamLossShare": {
      "win": 0.23490847647190094,
      "lose": -0.2534980773925781,
      "diff": 0.48840653896331787
    },
    "tankEfficiency": {
      "win": 0.19109469652175903,
      "lose": -0.21298620104789734,
      "diff": 0.40408089756965637
    },
    "costEfficiency": {
      "win": 0.1365671306848526,
      "lose": -0.19985994696617126,
      "diff": 0.33642709255218506
    },
    "uniqueUnits": {
      "win": 0.17218007147312164,
      "lose": -0.1477927267551422,
      "diff": 0.31997281312942505
    },
    "dlRatio": {
      "win": 0.12224221974611282,
      "lose": -0.1930743306875229,
      "diff": 0.3153165578842163
    },
    "teamDestShare": {
      "win": 0.15638035535812378,
      "lose": -0.1369578242301941,
      "diff": 0.29333817958831787
    },
    "objectivesCaptured": {
      "win": 0.1257905811071396,
      "lose": -0.16105332970619202,
      "diff": 0.2868438959121704
    },
    "supplyToAllies": {
      "win": 0.1230849176645279,
      "lose": -0.13803304731845856,
      "diff": 0.26111796498298645
    },
    "firepowerROI": {
      "win": 0.09919986873865128,
      "lose": -0.1289314478635788,
      "diff": 0.22813132405281067
    },
    "totalSpawned": {
      "win": 0.12237655371427536,
      "lose": -0.07548172026872635,
      "diff": 0.1978582739830017
    },
    "netInvestment": {
      "win": 0.1046610176563263,
      "lose": -0.04848925769329071,
      "diff": 0.153150275349617
    },
    "supplyFromAllies": {
      "win": 0.08640601485967636,
      "lose": -0.062064506113529205,
      "diff": 0.14847052097320557
    },
    "damageDealt": {
      "win": 0.060010362416505814,
      "lose": -0.08372227102518082,
      "diff": 0.14373263716697693
    },
    "teamDmgShare": {
      "win": 0.10927176475524902,
      "lose": -0.03126312419772148,
      "diff": 0.1405348926782608
    },
    "damageReceived": {
      "win": 0.040121011435985565,
      "lose": -0.08782219886779785,
      "diff": 0.127943217754364
    },
    "teamSpawnShare": {
      "win": 0.06509153544902802,
      "lose": -0.059860147535800934,
      "diff": 0.12495168298482895
    },
    "supplyConsumed": {
      "win": 0.06409744173288345,
      "lose": -0.058610253036022186,
      "diff": 0.12270769476890564
    },
    "combatPresence": {
      "win": 0.11151453852653503,
      "lose": -0.004981233738362789,
      "diff": 0.1164957731962204
    },
    "buildingsDestroyed": {
      "win": 0.07172661274671555,
      "lose": -0.04049254581332207,
      "diff": 0.11221915483474731
    },
    "totalRefunded": {
      "win": 0.02880427986383438,
      "lose": -0.06340440362691879,
      "diff": 0.09220868349075317
    },
    "damageTrade": {
      "win": 0.022081544622778893,
      "lose": -0.03839973360300064,
      "diff": 0.06048128008842468
    },
    "lossEfficiency": {
      "win": 0.03347284719347954,
      "lose": -0.02547486312687397,
      "diff": 0.05894771218299866
    },
    "supplyCaptured": {
      "win": 0.032077766954898834,
      "lose": -0.01852097176015377,
      "diff": 0.050598740577697754
    },
    "refundRate": {
      "win": 0.01841258443892002,
      "lose": -0.018269415944814682,
      "diff": 0.03668200224637985
    }
  },
  "sample_count": 530,
  "match_count": 54
}